"","True Classifier","Fitted Classifier","n","k","K","Balancing index","Fitting time","MeanPrecision","MicroPrecision","MacroPrecision","MacroRecall","MacroFscore"
"1","Vor","Tree","Small","Small","Small",0.36986301369863,0.0314178466796875,0.92,0.92,0.944444444444444,0.888888888888889,0.915824915824916
"2","Vor","Tree","Small","Small","Mid",0.148936170212766,0.0169858932495117,0.86,0.72,0.550641025641026,0.59375,0.571383559725529
"3","Vor","Tree","Small","Mid","Small",0.19047619047619,0.0189998149871826,0.92,0.92,0.810606060606061,0.810606060606061,0.810606060606061
"4","Vor","Tree","Small","Mid","Mid",0.0740740740740741,0.0230059623718262,0.86,0.44,NA,NA,NA
"5","Vor","Tree","Mid","Small","Small",0.349527665317139,0.0299849510192871,0.832,0.832,0.79048717721182,0.766984748389202,0.778558635636058
"6","Vor","Tree","Mid","Small","Mid",0.0161550888529887,0.0279850959777832,0.924,0.772,NA,0.466420457315587,NA
"7","Vor","Tree","Mid","Mid","Small",0.144329896907216,0.0300021171569824,0.861333333333333,0.792,0.730592815294481,0.638047762317717,0.681191422480429
"8","Vor","Tree","Mid","Mid","Mid",0.102222222222222,0.0620040893554688,0.896666666666667,0.38,NA,0.192996736490589,NA
"9","Vor","Bag","Small","Small","Small",0.388888888888889,0.187997102737427,1,1,1,1,1
"10","Vor","Bag","Small","Small","Mid",0.0638297872340425,0.187028884887695,0.96,0.92,NA,0.733333333333333,NA
"11","Vor","Bag","Small","Mid","Small",0.470588235294118,0.186010837554932,0.92,0.92,0.947368421052632,0.875,0.909747292418773
"12","Vor","Bag","Small","Mid","Mid",0.1,0.207013130187988,0.87,0.48,NA,NA,NA
"13","Vor","Bag","Mid","Small","Small",0.152073732718894,2.18617296218872,0.948,0.948,0.928781852997496,0.861345580933466,0.893793513877227
"14","Vor","Bag","Mid","Small","Mid",0.0893970893970894,2.65420699119568,0.954666666666667,0.864,0.882391315215743,0.815842820080108,0.847813153743249
"15","Vor","Bag","Mid","Mid","Small",0.185763888888889,3.3242290019989,0.896,0.844,0.852755421417393,0.804547032280458,0.827950072760246
"16","Vor","Bag","Mid","Mid","Mid",0.053475935828877,4.47135806083679,0.934,0.604,0.578040427052917,0.547385687408979,0.562295565113713
"17","Vor","For","Small","Small","Small",0.315789473684211,0.0150010585784912,0.92,0.92,0.875,0.875,0.875
"18","Vor","For","Small","Small","Mid",0.137254901960784,0.0189831256866455,0.98,0.96,NA,NA,NA
"19","Vor","For","Small","Mid","Small",0.408450704225352,0.0189871788024902,0.8,0.8,0.895833333333333,0.583333333333333,0.706572769953052
"20","Vor","For","Small","Mid","Mid",0.272727272727273,0.0340070724487305,0.9,0.6,NA,NA,NA
"21","Vor","For","Mid","Small","Small",0.533742331288344,0.225017070770264,0.96,0.96,0.959027777777778,0.954733076499725,0.956875608234909
"22","Vor","For","Mid","Small","Mid",0.133757961783439,0.326065063476562,0.96,0.88,0.903655915926035,0.824569081924064,0.862302917614677
"23","Vor","For","Mid","Mid","Small",0.0530401034928849,0.333024024963379,0.906666666666667,0.86,0.935844544095665,0.568758434547908,0.707521499605035
"24","Vor","For","Mid","Mid","Mid",0.0347826086956522,0.499039173126221,0.941333333333333,0.648,NA,0.501861747853596,NA
"25","Vor","Boo","Small","Small","Small",0.111111111111111,17.1675989627838,0.92,0.92,0.958333333333333,0.666666666666667,0.786324786324786
"26","Vor","Boo","Small","Small","Mid",0.218181818181818,17.847827911377,0.9,0.8,0.895833333333333,0.689102564102564,0.778985507246377
"27","Vor","Boo","Small","Mid","Small",0.492537313432836,17.7398459911346,0.92,0.92,0.95,0.857142857142857,0.901185770750988
"28","Vor","Boo","Small","Mid","Mid",0.0833333333333333,17.1762371063232,0.88,0.52,NA,NA,NA
"29","Vor","Boo","Mid","Small","Small",0.976284584980237,169.675587892532,0.98,0.98,0.980146256976073,0.979807692307692,0.97997694539986
"30","Vor","Boo","Mid","Small","Mid",0.129113924050633,170.828629016876,0.977333333333333,0.932,0.95467794239511,0.937194998991732,0.945855690080897
"31","Vor","Boo","Mid","Mid","Small",0.191082802547771,175.51093506813,0.917333333333333,0.876,0.874031007751938,0.809845437080374,0.840714917851538
"32","Vor","Boo","Mid","Mid","Mid",0.036281179138322,216.470056056976,0.944666666666666,0.668,0.717906320173957,0.494289164941339,0.585472095651542
"33","Vor","SVM","Small","Small","Small",0.176470588235294,0.0249850749969482,0.96,0.96,0.833333333333333,0.978260869565217,0.9
"34","Vor","SVM","Small","Small","Mid",0.02,0.0260031223297119,0.94,0.88,NA,NA,NA
"35","Vor","SVM","Small","Mid","Small",0.204819277108434,0.0260210037231445,0.96,0.96,0.977272727272727,0.875,0.923312883435583
"36","Vor","SVM","Small","Mid","Mid",0.0625,0.0470190048217773,0.93,0.72,NA,NA,NA
"37","Vor","SVM","Mid","Small","Small",0.424501424501425,0.134062051773071,0.976,0.976,0.959403820816864,0.978637611530542,0.968925274791738
"38","Vor","SVM","Mid","Small","Mid",0.0573012939001848,0.240020990371704,0.957333333333333,0.872,0.843893506039732,0.758207305308755,0.798759000244666
"39","Vor","SVM","Mid","Mid","Small",0.378181818181818,0.153033971786499,0.925333333333333,0.888,0.867207631997368,0.871802396674003,0.869498944254983
"40","Vor","SVM","Mid","Mid","Mid",0.111111111111111,0.35402512550354,0.954666666666667,0.728,0.786099350721592,0.701921496713163,0.741629438559246
"41","TreeMix","Tree","Small","Small","Small",0.818181818181818,0.0199999809265137,0.96,0.96,0.966666666666667,0.954545454545455,0.960567823343848
"42","TreeMix","Tree","Small","Small","Mid",0.386363636363636,0.0260028839111328,0.96,0.92,0.901785714285714,0.964285714285714,0.931989063568011
"43","TreeMix","Tree","Small","Mid","Small",0.754385964912281,0.0239989757537842,0.8,0.8,0.81140350877193,0.746527777777778,0.77761485826002
"44","TreeMix","Tree","Small","Mid","Mid",0.470588235294118,0.0310008525848389,0.85,0.4,NA,0.385416666666667,NA
"45","TreeMix","Tree","Mid","Small","Small",0.879699248120301,0.0349860191345215,0.86,0.86,0.855506948018528,0.864969288686348,0.860212097681823
"46","TreeMix","Tree","Mid","Small","Mid",0.453531598513011,0.0300180912017822,0.868,0.604,0.623638028638029,0.619571387547666,0.621598056932736
"47","TreeMix","Tree","Mid","Mid","Small",0.35972850678733,0.0500030517578125,0.725333333333333,0.588,0.554954112091241,0.577960431618968,0.566223674916505
"48","TreeMix","Tree","Mid","Mid","Mid",0.182857142857143,0.0750060081481934,0.892,0.352,NA,0.316987243607911,NA
"49","TreeMix","Bag","Small","Small","Small",0.515151515151515,0.181051969528198,0.96,0.96,0.972222222222222,0.9375,0.954545454545455
"50","TreeMix","Bag","Small","Small","Mid",0.470588235294118,0.208014011383057,0.92,0.84,0.9,0.9,0.9
"51","TreeMix","Bag","Small","Mid","Small",0.639344262295082,0.222033023834229,0.88,0.88,0.873376623376623,0.883333333333333,0.8783267619517
"52","TreeMix","Bag","Small","Mid","Mid",0.347826086956522,0.234036207199097,0.91,0.64,NA,0.491666666666667,NA
"53","TreeMix","Bag","Mid","Small","Small",0.86219739292365,2.4242091178894,0.944,0.944,0.943451392119078,0.940756885278383,0.942102212062699
"54","TreeMix","Bag","Mid","Small","Mid",0.301818181818182,2.62120699882507,0.953333333333333,0.86,0.848838478704295,0.792910688193707,0.819921966016794
"55","TreeMix","Bag","Mid","Mid","Small",0.225954198473282,3.22316312789917,0.909333333333333,0.864,0.824763479379076,0.747694897694898,0.784340564211724
"56","TreeMix","Bag","Mid","Mid","Mid",0.0740740740740741,4.93035817146301,0.954,0.724,0.725735611506288,0.631781561236176,0.675507296538807
"57","TreeMix","For","Small","Small","Small",0.149425287356322,0.020003080368042,1,1,1,1,1
"58","TreeMix","For","Small","Small","Mid",0.483870967741935,0.0240089893341064,0.98,0.96,0.9375,0.979166666666667,0.957880434782609
"59","TreeMix","For","Small","Mid","Small",0.449275362318841,0.0240011215209961,0.96,0.96,0.916666666666667,0.975,0.944933920704846
"60","TreeMix","For","Small","Mid","Mid",0.444444444444444,0.0340011119842529,0.91,0.64,0.727678571428571,0.729166666666667,0.728421859039837
"61","TreeMix","For","Mid","Small","Small",0.517450682852807,0.246017932891846,0.968,0.968,0.977777777777778,0.948717948717949,0.963028689736764
"62","TreeMix","For","Mid","Small","Mid",0.0775,0.351027965545654,0.948,0.844,0.825376952109274,0.760551054647001,0.791639101817699
"63","TreeMix","For","Mid","Mid","Small",0.305799648506151,0.403031826019287,0.914666666666667,0.872,0.864100661370834,0.82161753590325,0.84232377311454
"64","TreeMix","For","Mid","Mid","Mid",0.15,0.566048145294189,0.950666666666667,0.704,0.623521714620505,0.622752254987862,0.623136747268882
"65","TreeMix","Boo","Small","Small","Small",0.315789473684211,17.9303660392761,0.96,0.96,0.928571428571429,0.973684210526316,0.950592885375494
"66","TreeMix","Boo","Small","Small","Mid",0.454545454545455,18.1444289684296,0.98,0.96,0.975,0.916666666666667,0.944933920704846
"67","TreeMix","Boo","Small","Mid","Small",0.785714285714286,18.501079082489,0.92,0.92,0.918831168831169,0.918831168831169,0.918831168831169
"68","TreeMix","Boo","Small","Mid","Mid",0.529411764705882,19.3492920398712,0.82,0.28,NA,0.441666666666667,NA
"69","TreeMix","Boo","Mid","Small","Small",0.555209953343701,166.955631971359,0.956,0.956,0.953333333333333,0.954879925078601,0.954106002455782
"70","TreeMix","Boo","Mid","Small","Mid",0.301310043668122,189.423584938049,0.964,0.892,0.876489119039429,0.873548726473722,0.875016452550442
"71","TreeMix","Boo","Mid","Mid","Small",0.599552572706935,210.009575843811,0.92,0.88,0.888956985848681,0.870994794679005,0.879884228573112
"72","TreeMix","Boo","Mid","Mid","Mid",0.394957983193277,178.504927158356,0.913333333333333,0.48,NA,0.456517756797102,NA
"73","TreeMix","SVM","Small","Small","Small",0.694915254237288,0.0159909725189209,0.96,0.96,0.973684210526316,0.928571428571429,0.950592885375494
"74","TreeMix","SVM","Small","Small","Mid",0.575757575757576,0.0189888477325439,0.92,0.84,0.835606060606061,0.8125,0.823891059526546
"75","TreeMix","SVM","Small","Mid","Small",0.449275362318841,0.023000955581665,0.72,0.72,0.833333333333333,0.681818181818182,0.75
"76","TreeMix","SVM","Small","Mid","Mid",0.32,0.0280020236968994,0.92,0.68,NA,0.645833333333333,NA
"77","TreeMix","SVM","Mid","Small","Small",0.322751322751323,0.0789890289306641,0.984,0.984,0.983956760466712,0.973874327956989,0.978889582971907
"78","TreeMix","SVM","Mid","Small","Mid",0.269230769230769,0.224869966506958,0.957333333333333,0.872,0.880301615912081,0.862483477423008,0.871301460835898
"79","TreeMix","SVM","Mid","Mid","Small",0.188775510204082,0.167010068893433,0.930666666666667,0.896,0.886800837131963,0.844556677890011,0.865163390530287
"80","TreeMix","SVM","Mid","Mid","Mid",0.152173913043478,0.378012895584106,0.958,0.748,0.766084181031344,0.729943979862987,0.747577553189648
"81","BagMix","Tree","Small","Small","Small",0.388888888888889,0.0159881114959717,1,1,1,1,1
"82","BagMix","Tree","Small","Small","Mid",0.136363636363636,0.0210020542144775,0.88,0.76,NA,NA,NA
"83","BagMix","Tree","Small","Mid","Small",0.176470588235294,0.0169999599456787,0.88,0.88,0.9375,0.625,0.75
"84","BagMix","Tree","Small","Mid","Mid",0.35,0.0290100574493408,0.85,0.4,0.397321428571429,0.391666666666667,0.394473783477933
"85","BagMix","Tree","Mid","Small","Small",0.280409731113956,0.0320069789886475,0.896,0.896,0.908997252747253,0.806537405628003,0.854707635750235
"86","BagMix","Tree","Mid","Small","Mid",0.225409836065574,0.0430078506469727,0.888,0.664,NA,0.589010321797207,NA
"87","BagMix","Tree","Mid","Mid","Small",0.662468513853904,0.0410020351409912,0.778666666666667,0.668,0.654505811779137,0.654991835125852,0.654748733258101
"88","BagMix","Tree","Mid","Mid","Mid",0.183908045977011,0.0650038719177246,0.888666666666667,0.332,NA,0.284942618025412,NA
"89","BagMix","Bag","Small","Small","Small",0.388888888888889,0.212997913360596,0.84,0.84,0.684782608695652,0.601190476190476,0.64026967196619
"90","BagMix","Bag","Small","Small","Mid",0.851851851851852,0.196002006530762,0.92,0.84,0.85,0.85,0.85
"91","BagMix","Bag","Small","Mid","Small",0.785714285714286,0.216016054153442,0.92,0.92,0.928571428571429,0.923076923076923,0.925816023738872
"92","BagMix","Bag","Small","Mid","Mid",0.6,0.200014114379883,0.89,0.56,NA,NA,NA
"93","BagMix","Bag","Mid","Small","Small",0.38121546961326,2.88376998901367,0.956,0.956,0.94719353030667,0.943253968253968,0.945219644392672
"94","BagMix","Bag","Mid","Small","Mid",0.590697674418605,2.91723608970642,0.961333333333333,0.884,0.880688716168592,0.883514341409078,0.88209926596598
"95","BagMix","Bag","Mid","Mid","Small",0.314741035856574,3.20724320411682,0.906666666666667,0.86,0.840135464395235,0.826453265044814,0.833238201319974
"96","BagMix","Bag","Mid","Mid","Mid",0.136094674556213,4.9328761100769,0.932666666666667,0.596,0.53511367130886,0.55763002586557,0.546139870025438
"97","BagMix","For","Small","Small","Small",0.515151515151515,0.0169939994812012,1,1,1,1,1
"98","BagMix","For","Small","Small","Mid",0.212765957446809,0.0210020542144775,0.92,0.84,0.607142857142857,0.694444444444444,0.647865853658537
"99","BagMix","For","Small","Mid","Small",0.265822784810127,0.0200009346008301,0.88,0.88,0.787878787878788,0.726190476190476,0.755777936621396
"100","BagMix","For","Small","Mid","Mid",0.166666666666667,0.0260078907012939,0.91,0.64,NA,0.65,NA
"101","BagMix","For","Mid","Small","Small",0.447178002894356,0.283585071563721,0.948,0.948,0.928216830811114,0.940382081686429,0.934259856169838
"102","BagMix","For","Mid","Small","Mid",0.67027027027027,0.33801007270813,0.969333333333333,0.908,0.9111006008273,0.900276028767346,0.905655971617455
"103","BagMix","For","Mid","Mid","Small",0.4,0.358027935028076,0.92,0.88,0.886202686202686,0.874616229551,0.880371337552106
"104","BagMix","For","Mid","Mid","Mid",0.0833333333333333,0.528921127319336,0.962666666666667,0.776,0.64432552511197,0.622442153363206,0.633194821958717
"105","BagMix","Boo","Small","Small","Small",0.587301587301587,17.8726739883423,0.96,0.96,0.961538461538462,0.961538461538462,0.961538461538462
"106","BagMix","Boo","Small","Small","Mid",0.155555555555556,17.8270518779755,0.92,0.84,0.909722222222222,0.822222222222222,0.863761917490867
"107","BagMix","Boo","Small","Mid","Small",0.851851851851852,17.6221849918365,0.92,0.92,0.919871794871795,0.919871794871795,0.919871794871795
"108","BagMix","Boo","Small","Mid","Mid",0.0769230769230769,17.7021660804749,0.87,0.48,NA,NA,NA
"109","BagMix","Boo","Mid","Small","Small",0.466275659824047,175.930124998093,0.956,0.956,0.957812842428227,0.944342030629609,0.951029737266075
"110","BagMix","Boo","Mid","Small","Mid",0.284518828451883,178.147556066513,0.962666666666667,0.888,0.881681364673408,0.896649172864385,0.889102278431242
"111","BagMix","Boo","Mid","Mid","Small",0.310283687943262,175.232445001602,0.898666666666667,0.848,0.866522988505747,0.794890555453936,0.829162543126171
"112","BagMix","Boo","Mid","Mid","Mid",0.106382978723404,189.595885038376,0.927333333333333,0.564,0.633195049929205,0.51094234567232,0.56553726033723
"113","BagMix","SVM","Small","Small","Small",0.639344262295082,0.0988359451293945,1,1,1,1,1
"114","BagMix","SVM","Small","Small","Mid",0.388888888888889,0.0511720180511475,0.94,0.88,0.916666666666667,0.875,0.895348837209302
"115","BagMix","SVM","Small","Mid","Small",0.851851851851852,0.0220019817352295,0.8,0.8,0.819852941176471,0.782467532467533,0.800724097857505
"116","BagMix","SVM","Small","Mid","Mid",0.4375,0.0640549659729004,0.9,0.6,NA,NA,NA
"117","BagMix","SVM","Mid","Small","Small",0.919385796545106,0.244338035583496,0.96,0.96,0.960169057377049,0.959933435739887,0.960051232101543
"118","BagMix","SVM","Mid","Small","Mid",0.330882352941176,0.239056825637817,0.965333333333333,0.896,0.901761649240139,0.879186567789509,0.890331029031201
"119","BagMix","SVM","Mid","Mid","Small",0.109546165884194,0.200037002563477,0.928,0.892,0.879586993675364,0.836009047776674,0.857244557870293
"120","BagMix","SVM","Mid","Mid","Mid",0.201342281879195,0.385362863540649,0.964,0.784,0.828374739034836,0.72631484299441,0.77399485463498
"121","ForMix","Tree","Small","Small","Small",0.315789473684211,0.016981840133667,0.76,0.76,0.746031746031746,0.715277777777778,0.730331145809761
"122","ForMix","Tree","Small","Small","Mid",0.470588235294118,0.0260038375854492,0.88,0.76,0.792857142857143,0.763888888888889,0.778103492225338
"123","ForMix","Tree","Small","Mid","Small",0.0526315789473684,0.0150008201599121,1,1,NA,NA,NA
"124","ForMix","Tree","Small","Mid","Mid",0.269230769230769,0.0339899063110352,0.81,0.24,NA,0.129166666666667,NA
"125","ForMix","Tree","Mid","Small","Small",0.841620626151013,0.0340001583099365,0.804,0.804,0.804559426229508,0.804696008712922,0.804627711675126
"126","ForMix","Tree","Mid","Small","Mid",0.0694864048338369,0.04398512840271,0.906666666666667,0.72,NA,0.509116161616162,NA
"127","ForMix","Tree","Mid","Mid","Small",0.240847784200385,0.043004035949707,0.770666666666667,0.656,0.604770367772854,0.573806560983967,0.588881720742308
"128","ForMix","Tree","Mid","Mid","Mid",0.0648648648648649,0.0540060997009277,0.89,0.34,NA,0.248436748436748,NA
"129","ForMix","Bag","Small","Small","Small",1,0.155013084411621,0.92,0.92,0.923076923076923,0.928571428571429,0.925816023738872
"130","ForMix","Bag","Small","Small","Mid",0.358974358974359,0.182024002075195,0.88,0.76,0.782828282828283,0.761904761904762,0.772224817063677
"131","ForMix","Bag","Small","Mid","Small",0.754385964912281,0.202019929885864,0.84,0.84,0.850694444444444,0.827922077922078,0.839153794492948
"132","ForMix","Bag","Small","Mid","Mid",0.0909090909090909,0.202022075653076,0.92,0.68,NA,NA,NA
"133","ForMix","Bag","Mid","Small","Small",0.501501501501502,2.38219308853149,0.936,0.936,0.931550802139037,0.926803469430929,0.929171072041329
"134","ForMix","Bag","Mid","Small","Mid",0.144230769230769,2.66920208930969,0.962666666666667,0.888,0.90931544089153,0.873446624756249,0.891020196121186
"135","ForMix","Bag","Mid","Mid","Small",0.476958525345622,3.31424880027771,0.866666666666667,0.8,0.799273523411455,0.767455718807723,0.783041536347231
"136","ForMix","Bag","Mid","Mid","Mid",0.16260162601626,4.56534290313721,0.942666666666667,0.656,0.645840434255766,0.632873921146232,0.639291435707289
"137","ForMix","For","Small","Small","Small",0.388888888888889,0.0139830112457275,1,1,1,1,1
"138","ForMix","For","Small","Small","Mid",0.314285714285714,0.0229909420013428,0.96,0.92,0.84375,0.933035714285714,0.886149497487437
"139","ForMix","For","Small","Mid","Small",0.694915254237288,0.018002986907959,0.8,0.8,0.861111111111111,0.791666666666667,0.824929971988795
"140","ForMix","For","Small","Mid","Mid",0.0882352941176471,0.0209770202636719,0.92,0.68,NA,NA,NA
"141","ForMix","For","Mid","Small","Small",0.730103806228374,0.282023906707764,0.948,0.948,0.952070334656835,0.936682419012396,0.944313693154229
"142","ForMix","For","Mid","Small","Mid",0.581395348837209,0.326393127441406,0.953333333333333,0.86,0.858623007415588,0.851294710142513,0.854943155116713
"143","ForMix","For","Mid","Mid","Small",0.56,0.376023054122925,0.901333333333333,0.852,0.85285178718383,0.831943176173102,0.842267741851393
"144","ForMix","For","Mid","Mid","Mid",0.0421686746987952,0.560056924819946,0.942666666666667,0.656,NA,0.54564420038558,NA
"145","ForMix","Boo","Small","Small","Small",0.5625,18.5979900360107,1,1,1,1,1
"146","ForMix","Boo","Small","Small","Mid",0.196078431372549,17.133800983429,0.96,0.92,0.964285714285714,0.9,0.931034482758621
"147","ForMix","Boo","Small","Mid","Small",0.639344262295082,17.4629819393158,0.88,0.88,0.881410256410256,0.881410256410256,0.881410256410256
"148","ForMix","Boo","Small","Mid","Mid",0.157894736842105,17.8380608558655,0.87,0.48,NA,0.41875,NA
"149","ForMix","Boo","Mid","Small","Small",0.272264631043257,173.768729925156,0.952,0.952,0.945332480818414,0.905885780885781,0.925188855683101
"150","ForMix","Boo","Mid","Small","Mid",0.331034482758621,174.285542011261,0.970666666666667,0.912,0.910026085026085,0.898584605404529,0.904269155156102
"151","ForMix","Boo","Mid","Mid","Small",0.560859188544153,207.686226844788,0.904,0.856,0.857832427906615,0.85627503199967,0.857053022447321
"152","ForMix","Boo","Mid","Mid","Mid",0.0695652173913043,215.991281986237,0.922,0.532,NA,0.422986722495798,NA
"153","ForMix","SVM","Small","Small","Small",0.666666666666667,0.0319881439208984,0.92,0.92,0.919871794871795,0.919871794871795,0.919871794871795
"154","ForMix","SVM","Small","Small","Mid",0.0769230769230769,0.0320022106170654,0.8,0.6,0.525641025641026,NA,NA
"155","ForMix","SVM","Small","Mid","Small",0.538461538461538,0.0280017852783203,0.92,0.92,0.908088235294118,0.908088235294118,0.908088235294118
"156","ForMix","SVM","Small","Mid","Mid",0.125,0.0350029468536377,0.92,0.68,NA,NA,NA
"157","ForMix","SVM","Mid","Small","Small",0.173708920187793,0.0970199108123779,0.984,0.984,0.978349673202614,0.955996884735203,0.967044127563692
"158","ForMix","SVM","Mid","Small","Mid",0.278125,0.264021873474121,0.956,0.868,0.83755456145162,0.867439954891505,0.852235340396316
"159","ForMix","SVM","Mid","Mid","Small",0.462776659959759,0.216031074523926,0.896,0.844,0.843893258049338,0.83443272421136,0.839136327150453
"160","ForMix","SVM","Mid","Mid","Mid",0.120418848167539,0.370005130767822,0.953333333333333,0.72,0.727719876800759,0.701281862098592,0.714256304099486
"161","BooMix","Tree","Small","Small","Small",0.886792452830189,0.0210030078887939,1,1,1,1,1
"162","BooMix","Tree","Small","Small","Mid",0.318181818181818,0.017003059387207,0.96,0.92,0.90625,0.895833333333333,0.901011560693642
"163","BooMix","Tree","Small","Mid","Small",0.25,0.0190019607543945,0.88,0.88,0.934782608695652,0.7,0.800531914893617
"164","BooMix","Tree","Small","Mid","Mid",0.103448275862069,0.0200018882751465,0.91,0.64,NA,NA,NA
"165","BooMix","Tree","Mid","Small","Small",0.834862385321101,0.0360038280487061,0.908,0.908,0.906073082861554,0.909099747229244,0.90758389167764
"166","BooMix","Tree","Mid","Small","Mid",0.251552795031056,0.0340039730072021,0.885333333333333,0.656,NA,0.581854462047421,NA
"167","BooMix","Tree","Mid","Mid","Small",0.513742071881607,0.048983097076416,0.826666666666667,0.74,0.771617027063784,0.699722943187904,0.733913504842274
"168","BooMix","Tree","Mid","Mid","Mid",0.159090909090909,0.0630059242248535,0.892666666666667,0.356,NA,0.272990532751562,NA
"169","BooMix","Bag","Small","Small","Small",0.923076923076923,0.214923858642578,1,1,1,1,1
"170","BooMix","Bag","Small","Small","Mid",0.377777777777778,0.200030088424683,0.94,0.88,0.874007936507937,0.895833333333333,0.884786061285501
"171","BooMix","Bag","Small","Mid","Small",0.612903225806452,0.226014852523804,0.76,0.76,0.775,0.690972222222222,0.730577925153956
"172","BooMix","Bag","Small","Mid","Mid",0.238095238095238,0.24301815032959,0.9,0.6,NA,0.529166666666667,NA
"173","BooMix","Bag","Mid","Small","Small",0.964636542239686,2.68320202827454,0.948,0.948,0.944401444788442,0.952545155993432,0.948455819658437
"174","BooMix","Bag","Mid","Small","Mid",0.177111716621253,2.93921208381653,0.973333333333333,0.92,0.914730414164727,0.912888716560645,0.913808637420423
"175","BooMix","Bag","Mid","Mid","Small",0.284164859002169,3.63229393959045,0.904,0.856,0.838941299790356,0.807092952123378,0.822709016557583
"176","BooMix","Bag","Mid","Mid","Mid",0.0941704035874439,5.27540898323059,0.938,0.628,0.606338480994349,0.589716379168841,0.59791192774207
"177","BooMix","For","Small","Small","Small",0.818181818181818,0.0260028839111328,0.92,0.92,0.913194444444444,0.913194444444444,0.913194444444444
"178","BooMix","For","Small","Small","Mid",0.361702127659574,0.0270061492919922,0.98,0.96,0.983333333333333,0.95,0.966379310344828
"179","BooMix","For","Small","Mid","Small",0.36986301369863,0.0250189304351807,0.92,0.92,0.941176470588235,0.9,0.920127795527157
"180","BooMix","For","Small","Mid","Mid",0.136363636363636,0.0239908695220947,0.95,0.8,NA,NA,NA
"181","BooMix","For","Mid","Small","Small",0.773049645390071,0.274027824401855,0.956,0.956,0.955939440993789,0.955203152251147,0.955571154790792
"182","BooMix","For","Mid","Small","Mid",0.28740157480315,0.38501501083374,0.958666666666667,0.876,0.863199066061111,0.874558823529412,0.868841815316376
"183","BooMix","For","Mid","Mid","Small",0.372047244094488,0.417031049728394,0.901333333333333,0.852,0.861588726337808,0.81989898989899,0.840227043720186
"184","BooMix","For","Mid","Mid","Mid",0.118942731277533,0.477050065994263,0.958,0.748,0.780696147512004,0.720617634048617,0.749454801042542
"185","BooMix","Boo","Small","Small","Small",0.315789473684211,16.1426298618317,0.96,0.96,0.975,0.916666666666667,0.944933920704846
"186","BooMix","Boo","Small","Small","Mid",0.342105263157895,20.127678155899,0.92,0.84,0.909090909090909,0.817307692307692,0.860759493670886
"187","BooMix","Boo","Small","Mid","Small",0.351351351351351,19.9469978809357,1,1,1,1,1
"188","BooMix","Boo","Small","Mid","Mid",0.102564102564103,20.6835379600525,0.91,0.64,NA,NA,NA
"189","BooMix","Boo","Mid","Small","Small",0.730103806228374,203.891149997711,0.956,0.956,0.952873563218391,0.956743508214096,0.954804614387069
"190","BooMix","Boo","Mid","Small","Mid",0.164859002169197,212.729480028152,0.98,0.94,0.918457557559881,0.908469660136327,0.913436306694527
"191","BooMix","Boo","Mid","Mid","Small",0.317957166392092,209.891664981842,0.914666666666667,0.872,0.852143060904293,0.828788016893021,0.84030329010453
"192","BooMix","Boo","Mid","Mid","Mid",0.172043010752688,221.697779178619,0.939333333333333,0.636,0.594324581994564,0.613984832284168,0.603994762411268
"193","BooMix","SVM","Small","Small","Small",0.351351351351351,0.455471038818359,0.96,0.96,0.975,0.916666666666667,0.944933920704846
"194","BooMix","SVM","Small","Small","Mid",0.2,0.0520389080047607,0.96,0.92,0.954545454545455,0.961538461538462,0.958029197080292
"195","BooMix","SVM","Small","Mid","Small",0.428571428571429,0.030980110168457,0.76,0.76,0.702380952380952,0.702380952380952,0.702380952380952
"196","BooMix","SVM","Small","Mid","Mid",0.285714285714286,0.0520021915435791,0.94,0.76,NA,NA,NA
"197","BooMix","SVM","Mid","Small","Small",0.449275362318841,0.123009204864502,0.972,0.972,0.970934139784946,0.957222086289862,0.964029356508107
"198","BooMix","SVM","Mid","Small","Mid",0.448430493273543,0.255135059356689,0.969333333333333,0.908,0.907305112171348,0.911521429456212,0.909408383780564
"199","BooMix","SVM","Mid","Mid","Small",0.517525773195876,0.174556016921997,0.922666666666667,0.884,0.870729331385069,0.881244011165271,0.875955118714353
"200","BooMix","SVM","Mid","Mid","Mid",0.328671328671329,0.370024919509888,0.96,0.76,0.788957456937375,0.752232449977328,0.770157393449281
"201","SVMMix","Tree","Small","Small","Small",0.36986301369863,0.0209999084472656,0.96,0.96,0.970588235294118,0.944444444444444,0.957337883959044
"202","SVMMix","Tree","Small","Small","Mid",0.22,0.017003059387207,0.92,0.84,0.84375,0.881944444444444,0.862424547283702
"203","SVMMix","Tree","Small","Mid","Small",0.923076923076923,0.0200190544128418,0.84,0.84,0.850694444444444,0.827922077922078,0.839153794492948
"204","SVMMix","Tree","Small","Mid","Mid",0.0857142857142857,0.0250170230865479,0.87,0.48,NA,0.331944444444444,NA
"205","SVMMix","Tree","Mid","Small","Small",0.639344262295082,0.0310051441192627,0.908,0.908,0.911323610346725,0.897302146322015,0.904258527274547
"206","SVMMix","Tree","Mid","Small","Mid",0.205047318611987,0.0520040988922119,0.926666666666667,0.78,0.653590905598644,0.69291418016482,0.672678345302029
"207","SVMMix","Tree","Mid","Mid","Small",0.519148936170213,0.0475368499755859,0.8,0.7,0.69863403972993,0.698063227869298,0.698348517157952
"208","SVMMix","Tree","Mid","Mid","Mid",0.133064516129032,0.0580050945281982,0.898,0.388,NA,0.21566449750632,NA
"209","SVMMix","Bag","Small","Small","Small",0.851851851851852,0.172031879425049,0.96,0.96,0.961538461538462,0.961538461538462,0.961538461538462
"210","SVMMix","Bag","Small","Small","Mid",0.428571428571429,0.203214883804321,0.9,0.8,0.78125,0.783730158730159,0.782488114104596
"211","SVMMix","Bag","Small","Mid","Small",0.351351351351351,0.450035095214844,0.84,0.84,0.909090909090909,0.714285714285714,0.8
"212","SVMMix","Bag","Small","Mid","Mid",0.15625,0.227030992507935,0.93,0.72,NA,NA,NA
"213","SVMMix","Bag","Mid","Small","Small",0.424501424501425,2.44319701194763,0.984,0.984,0.980328900778975,0.980328900778975,0.980328900778975
"214","SVMMix","Bag","Mid","Small","Mid",0.0554414784394251,2.82121396064758,0.968,0.904,0.895973339870978,0.866100526641686,0.880783713176518
"215","SVMMix","Bag","Mid","Mid","Small",0.14343163538874,3.4689199924469,0.904,0.856,0.85939281861612,0.709741386433116,0.777430826009085
"216","SVMMix","Bag","Mid","Mid","Mid",0.128318584070796,4.68135285377502,0.952,0.712,0.676801165915336,0.675736699338673,0.676268513751821
"217","SVMMix","For","Small","Small","Small",0.694915254237288,0.0179989337921143,0.96,0.96,0.970588235294118,0.944444444444444,0.957337883959044
"218","SVMMix","For","Small","Small","Mid",0.25,0.0170021057128906,0.96,0.92,0.934375,0.833333333333333,0.880966411314084
"219","SVMMix","For","Small","Mid","Small",0.515151515151515,0.0219879150390625,0.92,0.92,0.916666666666667,0.916666666666667,0.916666666666667
"220","SVMMix","For","Small","Mid","Mid",0.0882352941176471,0.0330030918121338,0.9,0.6,NA,0.534722222222222,NA
"221","SVMMix","For","Mid","Small","Small",0.748251748251748,0.274022102355957,0.952,0.952,0.949620020964361,0.951988935721812,0.950803002814401
"222","SVMMix","For","Mid","Small","Mid",0.132029339853301,0.339032888412476,0.972,0.916,0.908542396064015,0.90018722018722,0.904345510336908
"223","SVMMix","For","Mid","Mid","Small",0.470183486238532,0.385046005249023,0.866666666666667,0.8,0.814779520055445,0.763087163275242,0.788086597204065
"224","SVMMix","For","Mid","Mid","Mid",0.0904522613065327,0.511034965515137,0.946,0.676,0.718055834110716,0.631493506493506,0.671998544844129
"225","SVMMix","Boo","Small","Small","Small",0.538461538461538,17.5640938282013,1,1,1,1,1
"226","SVMMix","Boo","Small","Small","Mid",0.358974358974359,17.0558979511261,0.88,0.76,0.745833333333333,0.767307692307692,0.756418131751747
"227","SVMMix","Boo","Small","Mid","Small",0.315789473684211,18.3853709697723,0.96,0.96,0.875,0.977272727272727,0.923312883435583
"228","SVMMix","Boo","Small","Mid","Mid",0.129032258064516,17.5768239498138,0.9,0.6,NA,0.571428571428571,NA
"229","SVMMix","Boo","Mid","Small","Small",0.398601398601399,171.191782951355,0.968,0.968,0.96532776100921,0.958095238095238,0.96169790155851
"230","SVMMix","Boo","Mid","Small","Mid",0.345864661654135,165.930341005325,0.972,0.916,0.917452169135224,0.912793085194036,0.915116697067797
"231","SVMMix","Boo","Mid","Mid","Small",0.250467289719626,168.053185939789,0.941333333333333,0.912,0.883690708252112,0.87836790075596,0.881021264964518
"232","SVMMix","Boo","Mid","Mid","Mid",0.0535714285714286,175.951546907425,0.936,0.616,NA,0.456867696573579,NA
"233","SVMMix","SVM","Small","Small","Small",0.639344262295082,0.0170187950134277,0.96,0.96,0.970588235294118,0.944444444444444,0.957337883959044
"234","SVMMix","SVM","Small","Small","Mid",0.136363636363636,0.0259981155395508,0.96,0.92,NA,0.75,NA
"235","SVMMix","SVM","Small","Mid","Small",1,0.0220010280609131,0.96,0.96,0.966666666666667,0.954545454545455,0.960567823343848
"236","SVMMix","SVM","Small","Mid","Mid",0.129032258064516,0.044003963470459,0.92,0.68,NA,NA,NA
"237","SVMMix","SVM","Mid","Small","Small",0.934235976789168,0.133711099624634,0.964,0.964,0.964423076923077,0.963798732475514,0.964110803620159
"238","SVMMix","SVM","Mid","Small","Mid",0.368770764119601,0.21794605255127,0.972,0.916,0.904568549058804,0.906835423693661,0.905700567940398
"239","SVMMix","SVM","Mid","Mid","Small",0.192192192192192,0.175026893615723,0.938666666666667,0.908,0.900793430205195,0.836762742366191,0.867598288748826
"240","SVMMix","SVM","Mid","Mid","Mid",0.0777777777777778,0.312006950378418,0.967333333333333,0.804,NA,0.729604415977077,NA
"241","Tree","Tree","Small","Small","Small",0.0989010989010989,0.0890100002288818,0.96,0.96,0.833333333333333,0.978260869565217,0.9
"242","Tree","Tree","Small","Small","Mid",0.153846153846154,0.0279979705810547,0.92,0.84,0.9375,0.875,0.905172413793103
"243","Tree","Tree","Small","Mid","Small",0.470588235294118,0.0260050296783447,1,1,1,1,1
"244","Tree","Tree","Small","Mid","Mid",0.217391304347826,0.0260009765625,0.89,0.56,NA,0.325,NA
"245","Tree","Tree","Mid","Small","Small",0.904761904761905,0.0360031127929688,0.988,0.988,0.988060943601562,0.987967229902714,0.988014084529938
"246","Tree","Tree","Mid","Small","Mid",0.243323442136499,0.0330021381378174,0.96,0.88,0.870985803218949,0.848035787234878,0.859357596675891
"247","Tree","Tree","Mid","Mid","Small",0.653753026634383,0.0579948425292969,0.922666666666667,0.884,0.894634616507974,0.894166765134507,0.894400629639236
"248","Tree","Tree","Mid","Mid","Mid",0.201342281879195,0.0860099792480469,0.938,0.628,NA,0.591131553631554,NA
"249","Tree","Bag","Small","Small","Small",0.388888888888889,0.196027040481567,1,1,1,1,1
"250","Tree","Bag","Small","Small","Mid",0.428571428571429,0.197961807250977,0.94,0.88,0.897321428571429,0.90625,0.901763613861386
"251","Tree","Bag","Small","Mid","Small",0.818181818181818,0.239028930664062,1,1,1,1,1
"252","Tree","Bag","Small","Mid","Mid",0.277777777777778,0.277022123336792,0.95,0.8,0.78125,0.75,0.76530612244898
"253","Tree","Bag","Mid","Small","Small",0.644736842105263,2.19617819786072,0.992,0.992,0.991577386968533,0.991577386968533,0.991577386968533
"254","Tree","Bag","Mid","Small","Mid",0.307407407407407,2.8112108707428,0.994666666666667,0.984,0.98805578569456,0.984188269902556,0.986118235753055
"255","Tree","Bag","Mid","Mid","Small",0.497967479674797,2.87123203277588,1,1,1,1,1
"256","Tree","Bag","Mid","Mid","Mid",0.148148148148148,3.67425894737244,0.989333333333333,0.936,0.926584066738299,0.906218056034233,0.916287908311298
"257","Tree","For","Small","Small","Small",0.754385964912281,0.0209970474243164,0.92,0.92,0.918831168831169,0.918831168831169,0.918831168831169
"258","Tree","For","Small","Small","Mid",0.132075471698113,0.0340039730072021,0.98,0.96,0.964285714285714,0.95,0.957089552238806
"259","Tree","For","Small","Mid","Small",0.851851851851852,0.0200011730194092,1,1,1,1,1
"260","Tree","For","Small","Mid","Mid",0.1,0.0230019092559814,0.91,0.64,NA,NA,NA
"261","Tree","For","Mid","Small","Small",0.824817518248175,0.248019218444824,1,1,1,1,1
"262","Tree","For","Mid","Small","Mid",0.364372469635628,0.362026929855347,0.998666666666667,0.996,0.997435897435897,0.994623655913978,0.996027791618225
"263","Tree","For","Mid","Mid","Small",0.536529680365297,0.58304500579834,1,1,1,1,1
"264","Tree","For","Mid","Mid","Mid",0.19375,0.51504111289978,0.988,0.928,0.926391374001668,0.885795298417848,0.905638625506415
"265","Tree","Boo","Small","Small","Small",0.851851851851852,19.7537569999695,1,1,1,1,1
"266","Tree","Boo","Small","Small","Mid",0.145833333333333,18.7523658275604,0.98,0.96,0.95,0.916666666666667,0.933035714285714
"267","Tree","Boo","Small","Mid","Small",0.36986301369863,18.7108798027039,1,1,1,1,1
"268","Tree","Boo","Small","Mid","Mid",0.230769230769231,18.6655578613281,0.87,0.48,NA,0.395833333333333,NA
"269","Tree","Boo","Mid","Small","Small",0.242236024844721,182.926372051239,0.996,0.996,0.989795918367347,0.997524752475248,0.993645306423324
"270","Tree","Boo","Mid","Small","Mid",0.125,180.602348089218,0.990666666666667,0.972,0.98217280622941,0.956382746615821,0.969106224161991
"271","Tree","Boo","Mid","Mid","Small",0.754010695187166,182.410572052002,0.997333333333333,0.996,0.996699669966997,0.994708994708995,0.995703337366935
"272","Tree","Boo","Mid","Mid","Mid",0.133663366336634,180.601258993149,1,1,1,1,1
"273","Tree","SVM","Small","Small","Small",0.176470588235294,0.0220029354095459,0.68,0.68,NA,0.5,NA
"274","Tree","SVM","Small","Small","Mid",0.428571428571429,0.0320019721984863,0.88,0.76,0.804166666666667,0.745238095238095,0.773581764630555
"275","Tree","SVM","Small","Mid","Small",0.470588235294118,0.0320050716400146,0.92,0.92,0.888888888888889,0.944444444444444,0.915824915824916
"276","Tree","SVM","Small","Mid","Mid",0.285714285714286,0.0359928607940674,0.86,0.44,NA,0.436011904761905,NA
"277","Tree","SVM","Mid","Small","Small",0.964636542239686,0.177993774414062,0.932,0.932,0.93282721506823,0.932633196721312,0.932730195805272
"278","Tree","SVM","Mid","Small","Mid",0.209770114942529,0.275038957595825,0.910666666666667,0.732,0.755262756249598,0.75984962406015,0.757549246987957
"279","Tree","SVM","Mid","Mid","Small",0.34009009009009,0.232017040252686,0.941333333333333,0.912,0.89563679245283,0.873493110335216,0.88442636839428
"280","Tree","SVM","Mid","Mid","Mid",0.0833333333333333,0.363025903701782,0.942666666666667,0.656,0.576277222290989,0.557227577272334,0.566592325922479
"281","Bag","Tree","Small","Small","Small",0.351351351351351,0.0199999809265137,0.96,0.96,0.9,0.976190476190476,0.936548223350254
"282","Bag","Tree","Small","Small","Mid",0.257142857142857,0.01900315284729,0.8,0.6,0.558333333333333,NA,NA
"283","Bag","Tree","Small","Mid","Small",0.694915254237288,0.0229852199554443,0.96,0.96,0.966666666666667,0.954545454545455,0.960567823343848
"284","Bag","Tree","Small","Mid","Mid",0.2,0.0250020027160645,0.86,0.44,NA,NA,NA
"285","Bag","Tree","Mid","Small","Small",0.517450682852807,0.0400030612945557,0.84,0.84,0.823707778012834,0.823707778012834,0.823707778012834
"286","Bag","Tree","Mid","Small","Mid",0.30672268907563,0.0409839153289795,0.837333333333333,0.512,NA,0.447029160722292,NA
"287","Bag","Tree","Mid","Mid","Small",0.718346253229974,0.0530009269714355,0.869333333333333,0.804,0.808250227196633,0.807752173034162,0.808001123364908
"288","Bag","Tree","Mid","Mid","Mid",0.0445859872611465,0.0620050430297852,0.882,0.292,NA,NA,NA
"289","Bag","Bag","Small","Small","Small",0.639344262295082,0.218016147613525,0.8,0.8,0.753676470588235,0.773809523809524,0.763610315186246
"290","Bag","Bag","Small","Small","Mid",0.239130434782609,0.181015968322754,0.8,0.6,0.580627705627706,0.55,0.564899014071025
"291","Bag","Bag","Small","Mid","Small",0.886792452830189,0.294016122817993,0.84,0.84,0.83974358974359,0.83974358974359,0.83974358974359
"292","Bag","Bag","Small","Mid","Mid",0.25,0.218000888824463,0.86,0.44,0.472916666666667,0.489583333333333,0.4811056998557
"293","Bag","Bag","Mid","Small","Small",0.602564102564103,2.57123994827271,0.812,0.812,0.796508456082924,0.800504526919621,0.798501491985833
"294","Bag","Bag","Mid","Small","Mid",0.616580310880829,3.0968611240387,0.926666666666667,0.78,0.781599832915622,0.784242499660618,0.78291893627831
"295","Bag","Bag","Mid","Mid","Small",0.460136674259681,3.00355792045593,0.933333333333333,0.9,0.888549534756431,0.883155848546315,0.885844481524789
"296","Bag","Bag","Mid","Mid","Mid",0.0238095238095238,5.45943999290466,0.904666666666667,0.428,NA,NA,NA
"297","Bag","For","Small","Small","Small",0.923076923076923,0.0150229930877686,0.88,0.88,0.883333333333333,0.873376623376623,0.8783267619517
"298","Bag","For","Small","Small","Mid",0.113207547169811,0.020007848739624,0.86,0.72,0.729395604395604,0.725,0.727191159803551
"299","Bag","For","Small","Mid","Small",0.470588235294118,0.0219998359680176,0.84,0.84,0.802083333333333,0.845238095238095,0.823095453176754
"300","Bag","For","Small","Mid","Mid",0.172413793103448,0.024000883102417,0.85,0.4,NA,NA,NA
"301","Bag","For","Mid","Small","Small",0.751313485113835,0.615043878555298,0.812,0.812,0.807306916520268,0.809420859538784,0.808362505992565
"302","Bag","For","Mid","Small","Mid",0.355371900826446,0.416016817092896,0.92,0.76,0.741854605967509,0.739521753634657,0.740686342928241
"303","Bag","For","Mid","Mid","Small",0.422705314009662,0.381026029586792,0.912,0.868,0.849291938997821,0.842682065269277,0.845974091051406
"304","Bag","For","Mid","Mid","Mid",0.105820105820106,0.583065986633301,0.922666666666666,0.536,NA,0.405304736084306,NA
"305","Bag","Boo","Small","Small","Small",0.587301587301587,17.6514310836792,0.84,0.84,0.801587301587302,0.801587301587302,0.801587301587302
"306","Bag","Boo","Small","Small","Mid",0.5,16.704253911972,0.86,0.72,0.8125,0.6,0.690265486725664
"307","Bag","Boo","Small","Mid","Small",0.96078431372549,19.6463000774384,0.76,0.76,0.762820512820513,0.766233766233766,0.76452332988512
"308","Bag","Boo","Small","Mid","Mid",0.352941176470588,18.150454044342,0.84,0.36,NA,0.21875,NA
"309","Bag","Boo","Mid","Small","Small",0.841620626151013,178.006091833115,0.792,0.792,0.789188836724048,0.787987012987013,0.78858746695469
"310","Bag","Boo","Mid","Small","Mid",0.397849462365591,174.638589143753,0.901333333333333,0.704,0.665451479737194,0.654330952546056,0.659844365190292
"311","Bag","Boo","Mid","Mid","Small",0.506849315068493,180.112398862839,0.885333333333333,0.828,0.817602996254682,0.830555791340105,0.824028496122428
"312","Bag","Boo","Mid","Mid","Mid",0.173076923076923,193.376550912857,0.915333333333333,0.492,NA,0.431935758054614,NA
"313","Bag","SVM","Small","Small","Small",0.612903225806452,0.0209920406341553,0.84,0.84,0.847402597402597,0.842948717948718,0.845169789948041
"314","Bag","SVM","Small","Small","Mid",0.4,0.0410099029541016,0.74,0.48,NA,0.365079365079365,NA
"315","Bag","SVM","Small","Mid","Small",0.851851851851852,0.0460028648376465,0.92,0.92,0.928571428571429,0.923076923076923,0.925816023738872
"316","Bag","SVM","Small","Mid","Mid",0.192307692307692,0.0409908294677734,0.85,0.4,NA,0.154166666666667,NA
"317","Bag","SVM","Mid","Small","Small",0.996007984031936,0.159003973007202,0.832,0.832,0.832850241545894,0.831059004420527,0.831953658828931
"318","Bag","SVM","Mid","Small","Mid",0.478260869565217,0.324042081832886,0.862666666666667,0.588,0.590861281268258,0.563312643898139,0.576758187428778
"319","Bag","SVM","Mid","Mid","Small",0.260416666666667,0.188011169433594,0.912,0.868,0.82474243258557,0.81043771043771,0.81752750192975
"320","Bag","SVM","Mid","Mid","Mid",0.270718232044199,0.631047964096069,0.903333333333333,0.42,0.39318488361702,0.333627882450346,0.360966252264407
"321","For","Tree","Small","Small","Small",0.818181818181818,0.0810089111328125,0.8,0.8,0.852941176470588,0.807692307692308,0.829700272479564
"322","For","Tree","Small","Small","Mid",0.382352941176471,0.0279989242553711,0.78,0.56,0.552777777777778,0.530357142857143,0.541335409415644
"323","For","Tree","Small","Mid","Small",0.694915254237288,0.0330009460449219,0.8,0.8,0.786764705882353,0.770833333333333,0.778717545239968
"324","For","Tree","Small","Mid","Mid",0.318181818181818,0.0360031127929688,0.83,0.32,NA,NA,NA
"325","For","Tree","Mid","Small","Small",0.396648044692737,0.0670089721679688,0.796,0.796,0.753571428571429,0.747271882981193,0.750408435117519
"326","For","Tree","Mid","Small","Mid",0.365957446808511,0.0610060691833496,0.812,0.436,NA,0.376999881838592,NA
"327","For","Tree","Mid","Mid","Small",0.325112107623318,0.095081090927124,0.856,0.784,0.743138995758114,0.727405078034009,0.73518786527164
"328","For","Tree","Mid","Mid","Mid",0.330935251798561,0.131010055541992,0.886,0.316,NA,0.292212663067926,NA
"329","For","Bag","Small","Small","Small",0.923076923076923,0.500036001205444,0.8,0.8,0.816666666666667,0.80448717948718,0.810531171741136
"330","For","Bag","Small","Small","Mid",0.558823529411765,0.377017974853516,0.9,0.8,0.795833333333333,0.795833333333333,0.795833333333334
"331","For","Bag","Small","Mid","Small",0.639344262295082,0.418033123016357,0.64,0.64,0.636029411764706,0.62012987012987,0.627979018586795
"332","For","Bag","Small","Mid","Mid",0.0666666666666667,0.345024824142456,0.86,0.44,NA,NA,NA
"333","For","Bag","Mid","Small","Small",0.851851851851852,2.72671318054199,0.9,0.9,0.898389694041868,0.900168219461698,0.899278077393758
"334","For","Bag","Mid","Small","Mid",0.201219512195122,3.00524401664734,0.921333333333333,0.764,0.679987927520822,0.653387690759813,0.666422477831555
"335","For","Bag","Mid","Mid","Small",0.228658536585366,3.35327005386353,0.912,0.868,0.819625615124565,0.790569140569141,0.804835211201916
"336","For","Bag","Mid","Mid","Mid",0.157575757575758,5.10449004173279,0.922666666666667,0.536,0.539494625056696,0.504994678616812,0.521674877546022
"337","For","For","Small","Small","Small",0.666666666666667,0.0149998664855957,0.92,0.92,0.890350877192982,0.890350877192982,0.890350877192982
"338","For","For","Small","Small","Mid",0.382352941176471,0.0210020542144775,0.86,0.72,0.602272727272727,0.602272727272727,0.602272727272727
"339","For","For","Small","Mid","Small",0.639344262295082,0.0200018882751465,0.84,0.84,0.8,0.894736842105263,0.84472049689441
"340","For","For","Small","Mid","Mid",0.32,0.0250008106231689,0.89,0.56,0.604166666666667,0.560416666666667,0.581469886702445
"341","For","For","Mid","Small","Small",0.730103806228374,0.547022104263306,0.808,0.808,0.804768509345486,0.801581595974119,0.803171891326292
"342","For","For","Mid","Small","Mid",0.194244604316547,0.382015943527222,0.905333333333333,0.716,0.626118643180782,0.60105549043749,0.613331128548939
"343","For","For","Mid","Mid","Small",0.583535108958838,0.38104510307312,0.901333333333333,0.852,0.847363164175207,0.834848484848485,0.84105927353274
"344","For","For","Mid","Mid","Mid",0.108695652173913,0.52403712272644,0.929333333333333,0.576,0.592217944053683,0.540112875396818,0.564966582433305
"345","For","Boo","Small","Small","Small",0.785714285714286,17.6900129318237,1,1,1,1,1
"346","For","Boo","Small","Small","Mid",0.53125,16.9890840053558,0.84,0.68,0.716666666666667,0.66875,0.69187969924812
"347","For","Boo","Small","Mid","Small",0.587301587301587,16.8900489807129,0.8,0.8,0.783333333333333,0.795138888888889,0.789191963631031
"348","For","Boo","Small","Mid","Mid",0.105263157894737,16.8810501098633,0.85,0.4,NA,NA,NA
"349","For","Boo","Mid","Small","Small",0.736111111111111,180.170984983444,0.904,0.904,0.902594836670179,0.900484800838574,0.90153858413026
"350","For","Boo","Mid","Small","Mid",0.604166666666667,175.708614110947,0.893333333333333,0.68,0.690731249947374,0.663689941422718,0.676940652933343
"351","For","Boo","Mid","Mid","Small",0.361423220973783,177.565480947495,0.893333333333333,0.84,0.831902356902357,0.803051227827888,0.817222232340714
"352","For","Boo","Mid","Mid","Mid",0.0577777777777778,177.965521097183,0.900666666666667,0.404,NA,0.277959032145353,NA
"353","For","SVM","Small","Small","Small",0.694915254237288,0.0180008411407471,0.8,0.8,0.801948051948052,0.798076923076923,0.80000780457348
"354","For","SVM","Small","Small","Mid",0.441176470588235,0.0339779853820801,0.76,0.52,0.392857142857143,0.374242424242424,0.383323927765237
"355","For","SVM","Small","Mid","Small",0.5625,0.0279979705810547,0.72,0.72,0.833333333333333,0.681818181818182,0.75
"356","For","SVM","Small","Mid","Mid",0.222222222222222,0.0340321063995361,0.84,0.36,NA,NA,NA
"357","For","SVM","Mid","Small","Small",0.733102253032929,0.156028032302856,0.78,0.78,0.781015037593985,0.771307278501523,0.776130803338033
"358","For","SVM","Mid","Small","Mid",0.324414715719064,0.270082950592041,0.814666666666667,0.444,0.43186227352894,0.417565093534086,0.424593361674853
"359","For","SVM","Mid","Mid","Small",0.63953488372093,0.205051898956299,0.877333333333333,0.816,0.814634790648527,0.808216358194368,0.811412881860211
"360","For","SVM","Mid","Mid","Mid",0.318840579710145,0.402055978775024,0.897333333333333,0.384,NA,0.351528894782268,NA
"361","Boo","Tree","Small","Small","Small",0.449275362318841,0.0750019550323486,1,1,1,1,1
"362","Boo","Tree","Small","Small","Mid",0.122448979591837,0.0139141082763672,0.94,0.88,0.808333333333333,0.9375,0.868138424821002
"363","Boo","Tree","Small","Mid","Small",0.408450704225352,0.0220010280609131,1,1,1,1,1
"364","Boo","Tree","Small","Mid","Mid",0.107142857142857,0.0220060348510742,0.91,0.64,NA,NA,NA
"365","Boo","Tree","Mid","Small","Small",0.636661211129296,0.0200080871582031,1,1,1,1,1
"366","Boo","Tree","Mid","Small","Mid",0.0125260960334029,0.0459988117218018,0.932,0.796,NA,NA,NA
"367","Boo","Tree","Mid","Mid","Small",0.423809523809524,0.0369911193847656,0.997333333333333,0.996,0.996763754045307,0.996732026143791,0.996747889842063
"368","Boo","Tree","Mid","Mid","Mid",0.0275590551181102,0.0539870262145996,0.916666666666667,0.5,NA,0.228108096686951,NA
"369","Boo","Bag","Small","Small","Small",0.162790697674419,0.182003021240234,0.96,0.96,0.976190476190476,0.9,0.936548223350254
"370","Boo","Bag","Small","Small","Mid",0.105263157894737,0.190030097961426,0.96,0.92,NA,NA,NA
"371","Boo","Bag","Small","Mid","Small",0.538461538461538,0.185027122497559,1,1,1,1,1
"372","Boo","Bag","Small","Mid","Mid",0.04,0.195994138717651,0.93,0.72,NA,NA,NA
"373","Boo","Bag","Mid","Small","Small",0.901140684410646,1.7255220413208,1,1,1,1,1
"374","Boo","Bag","Mid","Small","Mid",0.0176991150442478,2.068687915802,0.982666666666667,0.948,NA,0.794033894259458,NA
"375","Boo","Bag","Mid","Mid","Small",0.491596638655462,1.9850070476532,1,1,1,1,1
"376","Boo","Bag","Mid","Mid","Mid",0.0235849056603774,4.01505303382874,0.941333333333333,0.648,NA,0.490465552965553,NA
"377","Boo","For","Small","Small","Small",0.298701298701299,0.0159811973571777,0.96,0.96,0.928571428571429,0.973684210526316,0.950592885375494
"378","Boo","For","Small","Small","Mid",0.0379746835443038,0.0153989791870117,0.96,0.92,NA,0.75,NA
"379","Boo","For","Small","Mid","Small",0.96078431372549,0.0149989128112793,1,1,1,1,1
"380","Boo","For","Small","Mid","Mid",0.0277777777777778,0.0329239368438721,0.92,0.68,NA,NA,NA
"381","Boo","For","Mid","Small","Small",0.0857763300760043,0.150384902954102,0.996,0.996,0.976190476190476,0.997826086956522,0.986889716293461
"382","Boo","For","Mid","Small","Mid",0.0355648535564854,0.275408983230591,0.973333333333333,0.92,NA,0.737526709401709,NA
"383","Boo","For","Mid","Mid","Small",0.24468085106383,0.255669832229614,1,1,1,1,1
"384","Boo","For","Mid","Mid","Mid",0.0371621621621622,0.435137033462524,0.956,0.736,0.706665757733188,0.586063300822337,0.640738852142762
"385","Boo","Boo","Small","Small","Small",0.538461538461538,15.658931016922,0.96,0.96,0.944444444444444,0.970588235294118,0.957337883959044
"386","Boo","Boo","Small","Small","Mid",0.215686274509804,15.69193983078,0.98,0.96,0.95,0.977272727272727,0.963443396226415
"387","Boo","Boo","Small","Mid","Small",0.754385964912281,15.9960889816284,0.96,0.96,0.95,0.96875,0.95928338762215
"388","Boo","Boo","Small","Mid","Mid",0.0344827586206897,16.0838229656219,0.92,0.68,NA,NA,NA
"389","Boo","Boo","Mid","Small","Small",0.956947162426614,164.887782096863,1,1,1,1,1
"390","Boo","Boo","Mid","Small","Mid",0.0963855421686747,174.488451957703,0.977333333333333,0.932,0.91069109803286,0.855042286659309,0.881989779037955
"391","Boo","Boo","Mid","Mid","Small",0.348754448398576,181.499637842178,1,1,1,1,1
"392","Boo","Boo","Mid","Mid","Mid",0.0878378378378378,199.971485853195,0.941333333333333,0.648,NA,0.50110443010753,NA
"393","Boo","SVM","Small","Small","Small",0.96078431372549,0.0470058917999268,1,1,1,1,1
"394","Boo","SVM","Small","Small","Mid",0.13953488372093,0.0267000198364258,0.92,0.84,NA,NA,NA
"395","Boo","SVM","Small","Mid","Small",0.538461538461538,0.018002986907959,1,1,1,1,1
"396","Boo","SVM","Small","Mid","Mid",0.137931034482759,0.0380039215087891,0.9,0.6,NA,NA,NA
"397","Boo","SVM","Mid","Small","Small",0.362397820163488,0.0760059356689453,0.992,0.992,0.985714285714286,0.994505494505495,0.990090375772951
"398","Boo","SVM","Mid","Small","Mid",0.18796992481203,0.216991901397705,0.917333333333333,0.752,0.722833883223909,0.762524458420685,0.742148880684462
"399","Boo","SVM","Mid","Mid","Small",0.647331786542923,0.195016145706177,0.981333333333333,0.972,0.973731670979377,0.970925190560957,0.972326405648796
"400","Boo","SVM","Mid","Mid","Mid",0.0176991150442478,0.384029150009155,0.934666666666666,0.608,NA,NA,NA
"401","SVM","Tree","Small","Small","Small",0.428571428571429,0.0300009250640869,0.96,0.96,0.9375,0.972222222222222,0.954545454545455
"402","SVM","Tree","Small","Small","Mid",0.205128205128205,0.0170021057128906,0.88,0.76,NA,0.597222222222222,NA
"403","SVM","Tree","Small","Mid","Small",1,0.0169980525970459,0.84,0.84,0.85,0.836538461538462,0.843215507411631
"404","SVM","Tree","Small","Mid","Mid",0.115384615384615,0.0270028114318848,0.93,0.72,NA,NA,NA
"405","SVM","Tree","Mid","Small","Small",0.053740779768177,0.0269989967346191,0.956,0.956,NA,0.5,NA
"406","SVM","Tree","Mid","Small","Mid",0.0153172866520788,0.0580039024353027,0.924,0.772,NA,0.47297410192147,NA
"407","SVM","Tree","Mid","Mid","Small",0.2882096069869,0.053001880645752,0.794666666666667,0.692,0.692725218587288,0.683912611717974,0.688290708009792
"408","SVM","Tree","Mid","Mid","Mid",0.0179640718562874,0.0779941082000732,0.91,0.46,NA,0.380009899479619,NA
"409","SVM","Bag","Small","Small","Small",0.0101010101010101,0.15901517868042,1,1,NA,NA,NA
"410","SVM","Bag","Small","Small","Mid",0.0847457627118644,0.191015005111694,1,1,NA,NA,NA
"411","SVM","Bag","Small","Mid","Small",0.818181818181818,0.175991058349609,0.84,0.84,0.888888888888889,0.818181818181818,0.85207100591716
"412","SVM","Bag","Small","Mid","Mid",0.0232558139534884,0.248018026351929,0.94,0.76,NA,NA,NA
"413","SVM","Bag","Mid","Small","Small",0.0193679918450561,1.80013608932495,0.984,0.984,0.743951612903226,0.622967479674797,0.678105476478841
"414","SVM","Bag","Mid","Small","Mid",0.160891089108911,2.73120498657227,0.972,0.916,0.884343990348813,0.889724497597204,0.887026084801464
"415","SVM","Bag","Mid","Mid","Small",0.417355371900826,3.39327001571655,0.906666666666667,0.86,0.852467863801393,0.828850881388071,0.840493502244477
"416","SVM","Bag","Mid","Mid","Mid",0.0122699386503067,4.95330286026001,0.954,0.724,NA,0.455653669151899,NA
"417","SVM","For","Small","Small","Small",0.724137931034483,0.0210249423980713,0.96,0.96,0.961538461538462,0.961538461538462,0.961538461538462
"418","SVM","For","Small","Small","Mid",0.0945945945945946,0.0210208892822266,0.96,0.92,NA,NA,NA
"419","SVM","For","Small","Mid","Small",0.388888888888889,0.0209949016571045,0.96,0.96,0.976190476190476,0.9,0.936548223350254
"420","SVM","For","Small","Mid","Mid",0.212121212121212,0.023007869720459,0.91,0.64,0.620833333333333,NA,NA
"421","SVM","For","Mid","Small","Small",0.291989664082687,0.260039091110229,0.98,0.98,0.975670049440541,0.970487302676733,0.973071775058575
"422","SVM","For","Mid","Small","Mid",0.0143112701252236,0.564017057418823,0.957333333333333,0.872,NA,NA,NA
"423","SVM","For","Mid","Mid","Small",0.0674536256323777,0.367043018341064,0.872,0.808,0.769225048341514,0.62074877700536,0.687056834154014
"424","SVM","For","Mid","Mid","Mid",0.0867579908675799,0.523040056228638,0.95,0.7,0.697190240199862,0.637189502772578,0.665840896986728
"425","SVM","Boo","Small","Small","Small",0.162790697674419,17.5183379650116,0.96,0.96,0.833333333333333,0.978260869565217,0.9
"426","SVM","Boo","Small","Small","Mid",0.0615384615384615,18.3208861351013,0.94,0.88,NA,NA,NA
"427","SVM","Boo","Small","Mid","Small",0.204819277108434,18.1150639057159,0.96,0.96,0.875,0.977272727272727,0.923312883435583
"428","SVM","Boo","Small","Mid","Mid",0.0952380952380952,18.155632019043,0.96,0.84,NA,NA,NA
"429","SVM","Boo","Mid","Small","Small",0.555209953343701,157.980065822601,0.968,0.968,0.961666666666667,0.972244953627932,0.96692687910571
"430","SVM","Boo","Mid","Small","Mid",0.069364161849711,176.497292041779,0.976,0.928,0.897064655475085,0.932338772338772,0.914361640388536
"431","SVM","Boo","Mid","Mid","Small",0.368200836820084,171.806715011597,0.957333333333333,0.936,0.918780200094793,0.914084624354489,0.916426397478971
"432","SVM","Boo","Mid","Mid","Mid",0.253521126760563,182.784312009811,0.939333333333333,0.636,NA,0.568410882871667,NA
"433","SVM","SVM","Small","Small","Small",0.754385964912281,0.0180008411407471,1,1,1,1,1
"434","SVM","SVM","Small","Small","Mid",0.416666666666667,0.0290050506591797,0.96,0.92,0.954545454545455,0.928571428571429,0.941379310344828
"435","SVM","SVM","Small","Mid","Small",0.470588235294118,0.044003963470459,0.88,0.88,0.934782608695652,0.7,0.800531914893617
"436","SVM","SVM","Small","Mid","Mid",0.0392156862745098,0.0329849720001221,0.93,0.72,NA,NA,NA
"437","SVM","SVM","Mid","Small","Small",0.131221719457014,0.0760071277618408,0.972,0.972,0.966666666666667,0.897727272727273,0.930922389272653
"438","SVM","SVM","Mid","Small","Mid",0.0292397660818713,0.162014961242676,0.973333333333333,0.92,0.900108297136986,0.829911925923953,0.863585986405862
"439","SVM","SVM","Mid","Mid","Small",0.253456221198157,0.143028974533081,0.96,0.94,0.909981602703975,0.929030152721577,0.919407224929099
"440","SVM","SVM","Mid","Mid","Mid",0.0420168067226891,0.332025051116943,0.970666666666667,0.824,NA,0.60742990301261,NA
